{
"val_acc": [0.6788194444444444, 0.6476868327402135, 0.7046263345195729, 0.6753472222222222, 0.6797153024911032, 0.6441281138790036, 0.6770833333333334, 0.6156583629893239, 0.6761565836298933, 0.6475694444444444], 
"acc": [0.7160194174757282, 0.8185185185185185, 0.8883495145631068, 0.9381067961165048, 0.9679012345679012, 0.9703703703703703, 0.9805825242718447, 0.991504854368932, 0.9851851851851852, 0.9927184466019418],
"loss": [0.7093209467321924, 0.40591798281889224, 0.24791451153069627, 0.17677578255009435, 0.08882724173488978, 0.0830858136275492, 0.053149899775394076, 0.03687115195218389, 0.05379840162393301, 0.023282459305583227],
"val_loss": [0.8226663676194019, 0.7898566515725173, 0.832333583372029, 1.0455826057716169, 1.196479926232246, 1.7541669371141804, 2.060720507017564, 2.361937301641435, 1.873838622451524, 2.623945504501636]}